{
  "eos":20.167420263386473736,
  "btc":0.0150238
}
